-- phpMyAdmin SQL Dump
-- version 5.0.1
-- https://www.phpmyadmin.net/
--
-- Host: 127.0.0.1
-- Generation Time: Jun 26, 2020 at 06:28 AM
-- Server version: 10.4.11-MariaDB
-- PHP Version: 7.3.14

SET SQL_MODE = "NO_AUTO_VALUE_ON_ZERO";
SET AUTOCOMMIT = 0;
START TRANSACTION;
SET time_zone = "+00:00";


/*!40101 SET @OLD_CHARACTER_SET_CLIENT=@@CHARACTER_SET_CLIENT */;
/*!40101 SET @OLD_CHARACTER_SET_RESULTS=@@CHARACTER_SET_RESULTS */;
/*!40101 SET @OLD_COLLATION_CONNECTION=@@COLLATION_CONNECTION */;
/*!40101 SET NAMES utf8mb4 */;

--
-- Database: `si_laboratorium`
--

-- --------------------------------------------------------

--
-- Table structure for table `admin`
--

CREATE TABLE `admin` (
  `nim` varchar(7) NOT NULL,
  `username` varchar(255) NOT NULL,
  `password` varchar(255) NOT NULL,
  `no_telp` varchar(15) NOT NULL,
  `status` int(1) NOT NULL,
  `level` int(2) NOT NULL
) ENGINE=InnoDB DEFAULT CHARSET=latin1;

--
-- Dumping data for table `admin`
--

INSERT INTO `admin` (`nim`, `username`, `password`, `no_telp`, `status`, `level`) VALUES
('0000002', 'jarkom', '202cb962ac59075b964b07152d234b70', '111111111111', 1, 21),
('1618049', 'rpl1', '827ccb0eea8a706c4c34a16891f84e7b', '6282229419256', 1, 11),
('0000001', 'rpl2', '202cb962ac59075b964b07152d234b70', '6282229419256', 1, 12);

-- --------------------------------------------------------

--
-- Table structure for table `data_aslab`
--

CREATE TABLE `data_aslab` (
  `nim_aslab` varchar(7) NOT NULL,
  `nama_aslab` varchar(50) NOT NULL,
  `deskripsi` text DEFAULT NULL,
  `foto` varchar(255) DEFAULT NULL,
  `laboratorium` varchar(50) DEFAULT NULL
) ENGINE=InnoDB DEFAULT CHARSET=latin1;

--
-- Dumping data for table `data_aslab`
--

INSERT INTO `data_aslab` (`nim_aslab`, `nama_aslab`, `deskripsi`, `foto`, `laboratorium`) VALUES
('1618002', 'Fajar Ramadhan Akbar', NULL, NULL, 'RPL'),
('1618030', 'Rizky Sena Yudha', NULL, NULL, 'RPL'),
('1618049', 'Dimas Fajar Ramadhan', NULL, NULL, 'RPL'),
('1618061', 'Inumi Sukan', NULL, NULL, 'RPL'),
('1618088', 'Nandaka Dibra Yogasta', NULL, NULL, 'RPL'),
('1618095', 'Wahyu Safitra', NULL, NULL, 'RPL'),
('1618102', 'Dhiky Wardhany Yacub', NULL, NULL, 'RPL'),
('1718015', 'Siska Wati', NULL, NULL, 'RPL'),
('1718027', 'Hemanulisa Monika Putri', NULL, NULL, 'RPL'),
('1718030', 'Firmanda Revivaldy Muchtar', NULL, NULL, 'RPL'),
('1718053', 'Muh. Fitra Rizki', NULL, NULL, 'RPL'),
('1718082', 'Sujud Satwikayana', NULL, NULL, 'RPL'),
('1718114', 'Andrew Janeananto Sanjaya', NULL, NULL, 'RPL'),
('1718128', 'Kevin Merico Setiawan', NULL, NULL, 'RPL'),
('1718141', 'Reynaldo Ferdian Saputra', NULL, NULL, 'RPL'),
('1818054', 'Saveraga Putra Snyders', NULL, NULL, 'RPL'),
('1818062', 'Nicollas Edgar Septandita Hariyanto', NULL, NULL, 'RPL'),
('1818097', 'Mutiara Sholawati', NULL, NULL, 'RPL');

-- --------------------------------------------------------

--
-- Table structure for table `data_dosen`
--

CREATE TABLE `data_dosen` (
  `id` int(11) NOT NULL,
  `nip_dosen` varchar(25) NOT NULL,
  `nama_dosen` varchar(50) NOT NULL
) ENGINE=InnoDB DEFAULT CHARSET=latin1;

--
-- Dumping data for table `data_dosen`
--

INSERT INTO `data_dosen` (`id`, `nip_dosen`, `nama_dosen`) VALUES
(1, '197404162005011002', 'Joseph Dedy Irawan, ST.MT'),
(2, '1031000433', 'Sonny Prasetio, ST.MT'),
(3, '1031000429', 'Ali Mahmudi, B.Eng.PhD'),
(4, '1031000432', 'Yosep Agus Pranoto, ST.MT'),
(5, '1031000438', 'Suryo Adi Wibowo, ST.MT'),
(6, '1031000434', 'Michael Ardita, ST.MT'),
(7, '1031000431', 'Ahmad Faisol, ST.MT'),
(8, '1031500479', 'Moh. Miftakhur Rohman, S.Kom.M.Kom'),
(9, '1031000425', 'Febriana Santi Wahyuni, S.Kom.M.Kom'),
(10, '1030800418', 'Sandy Nataly Mantja, S.Kom'),
(11, '1031500480', 'Hani Zulfia Zahro, S.Kom.M.Kom'),
(12, '1031000426', 'Karina Auliasari, ST.M.Eng'),
(13, '1031000435', 'Mira Orisa, ST.MT'),
(14, '-', 'Nurlaily Verdyansyah, ST'),
(15, '1031500505', 'Rofila El Maghfiroh, S.Si, M.Se'),
(16, '1031500499', 'Agung Panji Sasmito, S.Pd, M.Pd'),
(17, '1031500497', 'Ahmad Fahrudi Setiawan, S.Kom, MT'),
(18, '1031500507', 'Abdul Wahid, M.Pd.I');

-- --------------------------------------------------------

--
-- Table structure for table `data_mahasiswa`
--

CREATE TABLE `data_mahasiswa` (
  `nim_mahasiswa` int(7) NOT NULL,
  `nama_mahasiswa` varchar(50) NOT NULL
) ENGINE=InnoDB DEFAULT CHARSET=latin1;

--
-- Dumping data for table `data_mahasiswa`
--

INSERT INTO `data_mahasiswa` (`nim_mahasiswa`, `nama_mahasiswa`) VALUES
(1318046, 'FARIS ASRORY'),
(1318073, 'ZAKIEY CAHYA ARDI WAHANA'),
(1318078, 'FIKRIADI SAKRANI'),
(1318107, 'ROLAND MARVELOUS ABI'),
(1318189, 'NOVAL PRADANA SADIAN HURI'),
(1318234, 'KIND ABDULLAH FAHMI'),
(1418010, 'M ANAS FALAKHUDDIN'),
(1418036, 'BRIAN ARGADANI PUTRA'),
(1418041, 'YUDISTIRA PUTRA SETIAWAN'),
(1418062, 'FAKHRIZAL RISKI'),
(1518039, 'PRATAMA ARDY PRAYOGA'),
(1518063, 'FARIZA KURNIAWAN'),
(1518071, 'SAHRUL RAMADHAN YAKUB'),
(1518082, 'MOHAMMAD KAFIL'),
(1518095, 'KETUT TEGUH BIMANTARA SUTAWAN'),
(1618005, 'AKBAR YUDISTIRA'),
(1618023, 'JUM AMAR'),
(1618049, 'DIMAS FAJAR RAMADHAN'),
(1618061, 'INUMI SUKAN'),
(1618085, 'MUHAMMAD YOGA ADLIYANI MUTTAKIN'),
(1618119, 'IKHSAN MA\'RIF'),
(1718001, 'GRIDIO FIRSTIAMADA'),
(1718002, 'FITRI FEBRIANTI'),
(1718003, 'BIMA ARMEDIANTO PUTRO'),
(1718004, 'DANDY RENDIKA'),
(1718005, 'ARNIDA AGNES VERNANDA'),
(1718006, 'KHISAN IHLA WAHYU RIVALDI'),
(1718007, 'MUAHMMAD NAHDI ANSHARI'),
(1718008, 'MUHAMMAD YUDA'),
(1718009, 'AFRILIA SRIWAHYUNI'),
(1718010, 'SATRIA AMOGHA GUNA'),
(1718011, 'DIMAS MERDEKA SUDIHARTO'),
(1718012, 'ERVIANSYAH FADLY'),
(1718013, 'MUHAMMAD ABDUL AZIZ AL SHUAIL'),
(1718014, 'ANDY FEBRIANTO'),
(1718015, 'SISKA WATI'),
(1718016, 'WILDAN MAULIDI MOLYONO'),
(1718017, 'STEVANIA HILDEGARDIS BERE'),
(1718018, 'OFHY DINY SUSANTI'),
(1718019, 'MOHAMAD AGUNG FIRMANSYAH'),
(1718020, 'MUHAMMAD ALI HASYIM'),
(1718021, 'MUHAMMAD KHAFIDH AULIA'),
(1718022, 'RIDHO YULI FIRMANSYAH'),
(1718023, 'MERPATI VORTUNA AMERTA NALLE'),
(1718024, 'YOLANDA APRILIA PUTRI KARTIKASARI'),
(1718025, 'MUHAMMAD NANANG UTOMO'),
(1718026, 'HYAN BENING ABIMANYU'),
(1718027, 'HEMANULISA MONIKA PUTRI'),
(1718028, 'PRATEDYO SEPTIARDO'),
(1718029, 'EDHO PAKSI SAPUTRA'),
(1718030, 'FIRMANDA REVIVALDY MUCHTAR'),
(1718031, 'YUDHISTIRA FEBRYADI PRASETYA'),
(1718032, 'M. TAUFIQ RAHMATULLAH'),
(1718033, 'TAREH ROZZAQ ADZDZIQRI'),
(1718034, 'OLIVER JANUARDIL ABABIL'),
(1718035, 'MOCHAMMAD FARIS'),
(1718036, 'WILLIAM KURNIAWAN'),
(1718037, 'DWI ADI ISWARA'),
(1718038, 'REZEKI AKBAR AMIN SOMAR'),
(1718039, 'IDO EKA WIRANTA'),
(1718040, 'MARVELINA GRACIA HERNOKO'),
(1718041, 'DWI BASTOMI'),
(1718042, 'MUHAMMAD ILHAM ALI'),
(1718043, 'YONGKI YUDHA PRASETYA'),
(1718044, 'CAVIN YOHANES ORAPLEAN'),
(1718045, 'ROMI RAMADHANI'),
(1718046, 'LALU MUHAMMAD DAUD'),
(1718047, 'IRVAN SURYANI PRATAMA'),
(1718048, 'RICHARTHDUS SRICHIT BAKI BONI'),
(1718049, 'BUDI GARINATO'),
(1718050, 'RIZALDI ZUHAL DEWANGGA'),
(1718051, 'GALIH ADITYA BASKARA'),
(1718052, 'KARUNIA CIWU'),
(1718053, 'MUH FITRA RIZKI'),
(1718054, 'ANDRIAN PRAYOGA'),
(1718055, 'DESVIANTY AYU WAHYUDI'),
(1718056, 'DIK AJENG AYUTANTRI'),
(1718057, 'DIONISIUS MISSA'),
(1718058, 'BRILLIAN ZEFANYA NAINGGOLAN'),
(1718059, 'AFRI DWI YULIANTO'),
(1718060, 'FEBRIAN MEBIYANTARA'),
(1718061, 'MOCH. IBNU ABBAS ALMUNYAWI'),
(1718062, 'PUTU ADI SUDARMAWAN'),
(1718063, 'IRA INDRIASTUTI'),
(1718064, 'JOSEPH STENICA HARIYONO'),
(1718065, 'RIDHO FRIMANSYAH MADUL'),
(1718066, 'HESTI YUNITA SARI'),
(1718067, 'MUHAMMAD FAUZAN YUNIANTO'),
(1718068, 'AHMAD HAMDANI MUSLIM'),
(1718069, 'DIMAS ALIF FAJAR FADHILLAH'),
(1718070, 'BRILLIANANDA W N'),
(1718071, 'TUTUT SURYANI'),
(1718072, 'BIMO RIZKY PRAYUDHI'),
(1718073, 'DAVID EVERALDO'),
(1718074, 'LINA OKTAVIANI'),
(1718075, 'RAMA ARYA WARDHANA'),
(1718076, 'LALU MUHAMMAD FATWA AULIA'),
(1718077, 'TENTI PRISTIANI'),
(1718078, 'YUDONO PRAYOGA'),
(1718079, 'ABI TRESNA UTAMA'),
(1718080, 'FUJI SETIAWAN'),
(1718081, 'NURUL HALIZAH'),
(1718082, 'SUJUD SATWIKAYANA'),
(1718083, 'MOCHAMAD RIZAL KURNIAWAN'),
(1718084, 'NUNGKI WIBOWO'),
(1718085, 'AHMAD FARID ILHAM'),
(1718086, 'THORIQ ROBBANI'),
(1718087, 'MUKLIS SHOLIHIN'),
(1718088, 'JULIANT PERDANA'),
(1718089, 'RIZAL FIKRI'),
(1718090, 'RAMA ARYA NANDA'),
(1718091, 'HABIB KHOIRUL MUWAHIDIN'),
(1718092, 'LUKAS PARYANTO'),
(1718093, 'AHMAD RIAN EFENDI'),
(1718094, 'MUHAMMAD DWI ARIYANTO'),
(1718095, 'TIPO TEDY EMANUEL'),
(1718096, 'MUHAMMAD FERDI AKBAR'),
(1718097, 'SUDRAJAD DWI SASMITA'),
(1718098, 'ERFANDA ANRDIANTO'),
(1718099, 'FARHAN EKA SAPUTRA'),
(1718100, 'IRHAM ROSIADI'),
(1718101, 'MUHAMMAD RIZKI NOFANTO'),
(1718102, 'FADRA ADHITIA PRADANA'),
(1718103, 'MUHAJIR PANJI ANSHORI'),
(1718104, 'MOCH. MIFTACHUL KHOIRI'),
(1718105, 'WELLY SEBASTIAN RUDI'),
(1718106, 'ADE PUTRA AGUS KURNIAWAN'),
(1718107, 'DONI ARIEFIANTO'),
(1718108, 'MOHAMMAD FERIZAL MUZAKY'),
(1718109, 'CHINDIA RAMA AULIANSHAH'),
(1718110, 'FARELL APUYLINO IMAN SENO AJI'),
(1718111, 'DESKA MUHAMMAD ALFIAN'),
(1718112, 'AULYA RANGGA SAPUTRA'),
(1718113, 'JANYCO DESMILE'),
(1718114, 'ANDREW JANEANATO SANJAYA'),
(1718115, 'MICHAEL NAMETA FEBRIANTO'),
(1718116, 'FERDIAN MAULANA'),
(1718117, 'NORMAN AZIZ EKA RAHMAD'),
(1718118, 'BINTANG NUR LAKSANA'),
(1718119, 'AGUNG DWI FATKUR ROHMAN'),
(1718120, 'ACHMAD FAUZI'),
(1718121, 'NOTOLIAN UTOMO'),
(1718122, 'MUHAMMAD LUTHFI ANDIKAPUTRA'),
(1718123, 'MOCHAMMAD ALFA AZIZ'),
(1718124, 'SININTIYA RISMAYANTI'),
(1718125, 'GALANG APRILIAN ANARKI'),
(1718126, 'ALDINO BERDILAN GOPAK'),
(1718127, 'RIZAL WAHYUDI'),
(1718128, 'KEVIN MERICO SETIAWAN'),
(1718129, 'DANIEL EKA WIJAYA'),
(1718130, 'ADITIA FARID RIYAN WIJAYA'),
(1718131, 'FARHANDI ARDI WIBOWO'),
(1718132, 'YOSEPH ARMINDO PUTRA'),
(1718133, 'MOCHAMAD ARFAN RAVY WAHYU'),
(1718134, 'NAUFAL DJAKA ADITYA'),
(1718135, 'MUHAMMAD IRFAN YULIANSYAH'),
(1718136, 'FIRQAM PABUA'),
(1718137, 'NASRUL AFWA'),
(1718138, 'NAJAD IBRAHIM'),
(1718139, 'RUSLIN SAMSAUDIN'),
(1718140, 'SILVI DWI MEGAFANI'),
(1718141, 'REYNALDO FERDIAN SAPUTRA'),
(1718142, 'ALIF GUNTUR HIDAYAT'),
(1718143, 'THEODORUS BINTANG WACANA'),
(1718144, 'YAJZI URFAN'),
(1718145, 'MOHAMMAD DANDY AMARTA'),
(1718146, 'INACHIA MUSTIKA VALENTINE PARERA'),
(1718147, 'NOVAL ALAN PAMBUDI'),
(1818002, 'JOAO BAPTISTA DE CARVALHO GAMA'),
(1818003, 'DELFIM PEREIRA FREITAS'),
(1818004, 'AHMAD GHOZY FADILAH'),
(1818005, 'ANGGRA DINANDA ARIYADI'),
(1818006, 'GILANG BAGAS FEBRIYAN'),
(1818007, 'MUHAMMAT MISBACHUL MUNIR'),
(1818008, 'WARASESTI ERDIAN'),
(1818009, 'HABIBURRAHMAN SAWAKA'),
(1818010, 'YITNO PAMBUDI'),
(1818011, 'IMAM SATRIO'),
(1818012, 'YUDISTIO CHANDRA ADITAMA'),
(1818013, 'EON KAHFI PRASETYO MUSLIM'),
(1818014, 'MUHAMMAD INZANUL HUDA'),
(1818015, 'MAHBUBI ROSYADI'),
(1818016, 'YENI MULIANI'),
(1818017, 'KIRENE WARDAINI JOAS'),
(1818018, 'MUHAMAD FAUZAN NASHIR'),
(1818020, 'YUFENTINUS SATRIA ABDI'),
(1818021, 'OLIVIO LUFI RANERA PUTRA SUBINARTO'),
(1818023, 'ARISTA KHOIRU NURDINA'),
(1818025, 'AMIN RAHMAD'),
(1818027, 'RICKY ADYTYA PRATAMA'),
(1818028, 'MOCH. RIJALUL AMIN AZ'),
(1818030, 'BELLA ANGGITA MAHARANI'),
(1818031, 'GIOVANNY DOS SANTOS'),
(1818032, 'RANDI KRISTIAN PUTRA'),
(1818033, 'EVAN PRIMA PRASETYO'),
(1818034, 'FATUR MAULANA MALIK IBRAHIM'),
(1818035, 'MUHAMAD FAISOL AKBAR'),
(1818036, ' MANGGALA BHAKTI WIDIYATAMA'),
(1818038, 'ABDUR RA\'UF'),
(1818039, 'PRADITASARI DYAH AGUSTIN'),
(1818040, 'ABDUL HALIM MUKLIS'),
(1818041, 'GESHA WARILOTTE ERWINDA'),
(1818043, 'DWI NUR CAHYO'),
(1818044, 'DIKI ANDIAN'),
(1818045, 'MUHAMMAD RIZKY AL IRBAD'),
(1818046, 'MOCHAMAD YUSUF'),
(1818048, 'HAFID ZULKARNAIN'),
(1818049, 'I MADE JUAN ALVIS YUDATAMA'),
(1818050, 'ADJI BAYU PAMUNGKAS'),
(1818052, 'NEFA MUTIARA SHANDINI MAYLITA'),
(1818053, 'RENATA EKA BUDIANI'),
(1818054, 'SAVERAGA PUTRA SNYDERS'),
(1818056, 'PANJI HIDAYATULLAH'),
(1818057, 'FEBRYAN ALFARIDZI'),
(1818059, 'M. HALIM AS-SIDDIQI'),
(1818060, 'IMAM ERLANGGA PRASETYA'),
(1818061, 'CHRISYE RESA SELE'),
(1818062, 'NICOLLAS EDGAR SEPTANDITA HARIYANTO'),
(1818063, 'ARDANA DWI LUKAS SAPUTRO'),
(1818064, 'INDRA NAUFAL SAPUTRA'),
(1818065, 'LATIEF KHANAN AL QUTBHI'),
(1818066, 'SHANIA DEVINTA RAMDANY PUTRI'),
(1818067, 'SANDHY PETERSON THO'),
(1818068, 'AHMAD LUTHFI'),
(1818069, 'MARCHELLINO LIMAHELUW'),
(1818070, 'MOCH. AZHAR AL GHIFARI'),
(1818071, 'MUHAMMAD ALIF FATONI'),
(1818073, 'ELDI PRAMADHANI'),
(1818074, 'JOSEPH ARIMATEA SIANIPAR'),
(1818075, 'JIHAN KHOIRUNNISA ANGGRAINI'),
(1818076, 'RAMANDANI IRMA SARI'),
(1818077, 'MUHAMMAD HILMY HASBIYALLAH'),
(1818079, 'HELMI ZAENUL MUTTAQIN'),
(1818080, 'ADITYA ANGGARA'),
(1818081, 'ARDY PRAYOGO'),
(1818082, 'DHIEMAS ARIOBIMO WIJAYA'),
(1818083, 'IRA OLIVIA DWI ARISKA'),
(1818084, 'RAFIF PRATAMA'),
(1818085, 'ARI KURNIANTO'),
(1818086, 'NOVANDA ADE PRATAMA'),
(1818087, 'AMIRUL MUKMININ'),
(1818088, 'PRASTYO YOGA TAMA'),
(1818089, 'DAFFA AULIA SANI'),
(1818090, 'FIRMANSYAH'),
(1818091, 'DICKY WAHYUDI PUTRA'),
(1818092, 'RAFIU ALI MASHUDI'),
(1818093, 'NITIS WEKA PRAKOSA ADI'),
(1818094, 'DOAN OGGIE ADRIANSZ'),
(1818095, ' SONIA MAURETA NABELLA'),
(1818096, 'SYAFRIL FIRMANSYAH'),
(1818097, 'MUTIARA SHOLAWATI'),
(1818098, 'MUH. NIFKY JUFANI'),
(1818099, 'MOH RISWANDA IMAWAN'),
(1818101, 'DWI AHMAD DZULHIJJAH'),
(1818102, 'SULIATI'),
(1818103, 'RIFKI MUHAMMAD RIZAL P'),
(1818104, 'DIANA DERAN KOLI'),
(1818106, 'POLCE ENGELBERTUS PATTY'),
(1818107, 'ROSIEDATUN RIZKI ALAWIYAH'),
(1818108, 'ZEYLLA RIZKA FITRIANDRA'),
(1818109, 'MUHAMMAD ZAKARIA RIFKI AZIB'),
(1818110, 'SUNDARI'),
(1818111, 'ARYA FIKAR'),
(1818112, 'RIYAN WICAKSONO'),
(1818113, 'GOGI AFRENDO INABUY'),
(1818115, 'OKTAVIANUS JOSHUA DOLLY'),
(1818116, 'SOLEMAN KAROMBANG NDATANG'),
(1818121, 'ADITYA WAHYU PANGESTU'),
(1818122, 'ACHMAD YUMNAN MAULANA'),
(1818123, 'ALFONSUS VITO EKA PERDANA PUTRA'),
(1818124, 'CHANDRA WIDI WIGUNA'),
(1818125, 'DWIYAN SYAWQI ATHOILLAH'),
(1818126, 'RAIMOND OBET YUMAME'),
(1818127, 'YOGI ARI ARDINANTO'),
(1818128, 'KEVIN FERNANDA BAGASKARA'),
(1818129, 'SHAULA CAHYADEWI SABRINA'),
(1818130, 'WAHYU TEDY PRATAMA');

-- --------------------------------------------------------

--
-- Table structure for table `data_nilai`
--

CREATE TABLE `data_nilai` (
  `kode_praktikum` varchar(6) NOT NULL,
  `nim_mahasiswa` int(7) NOT NULL,
  `ns1` float DEFAULT NULL,
  `ns2` float DEFAULT NULL,
  `ns3` float DEFAULT NULL,
  `ns4` float DEFAULT NULL,
  `ns5` float DEFAULT NULL,
  `ns6` float DEFAULT NULL,
  `ns7` float DEFAULT NULL,
  `ns8` float DEFAULT NULL,
  `ns9` float DEFAULT NULL,
  `ns10` float DEFAULT NULL,
  `nt1` float DEFAULT NULL,
  `nt2` float DEFAULT NULL,
  `nt3` float DEFAULT NULL,
  `nt4` float DEFAULT NULL,
  `nt5` float DEFAULT NULL,
  `nt6` float DEFAULT NULL,
  `nt7` float DEFAULT NULL,
  `nt8` float DEFAULT NULL,
  `nt9` float DEFAULT NULL,
  `nt10` float DEFAULT NULL,
  `tahun` int(4) NOT NULL
) ENGINE=InnoDB DEFAULT CHARSET=latin1;

--
-- Dumping data for table `data_nilai`
--

INSERT INTO `data_nilai` (`kode_praktikum`, `nim_mahasiswa`, `ns1`, `ns2`, `ns3`, `ns4`, `ns5`, `ns6`, `ns7`, `ns8`, `ns9`, `ns10`, `nt1`, `nt2`, `nt3`, `nt4`, `nt5`, `nt6`, `nt7`, `nt8`, `nt9`, `nt10`, `tahun`) VALUES
('IF2109', 1318107, 65, 70, 70, 80, 70, 0, 0, 0, 0, 0, 60, 60, 65, 65, 0, 0, 1, 0, 0, 0, 2019),
('IF2109', 1318234, 0, 85, 0, 0, 70, 0, 0, 0, 0, 0, 0, 0, 0, 0, 0, 0, 0, 0, 0, 0, 2019),
('IF2109', 1418010, 0, 0, 0, 0, 0, 0, 0, 0, 0, 0, 0, 0, 0, 0, 0, 0, 0, 0, 0, 0, 2019),
('IF2109', 1418036, 0, 0, 0, 0, 0, 0, 0, 0, 0, 0, 0, 0, 0, 0, 0, 0, 0, 0, 0, 0, 2019),
('IF2109', 1418041, 0, 0, 0, 0, 80, 0, 0, 0, 0, 0, 0, 0, 0, 0, 0, 0, 0, 0, 0, 0, 2019),
('IF2109', 1518071, 0, 0, 0, 0, 0, 0, 0, 0, 0, 0, 0, 0, 0, 0, 0, 0, 0, 0, 0, 0, 2019),
('IF2109', 1618005, 85, 0, 70, 70, 70, 0, 0, 0, 0, 0, 0, 0, 0, 0, 0, 0, 0, 0, 0, 0, 2019),
('IF2109', 1618119, 0, 0, 0, 0, 0, 0, 0, 0, 0, 0, 0, 0, 0, 0, 0, 0, 0, 0, 0, 0, 2019),
('IF2109', 1718130, 75, 70, 70, 80, 70, 0, 0, 0, 0, 85, 80, 70, 70, 80, 0, 0, 0, 0, 90, 0, 2019),
('IF2109', 1818002, 0, 75, 73, 0, 0, 75, 0, 0, 0, 0, 50, 70, 65, 0, 65, 0, 0, 60, 70, 0, 2019),
('IF2109', 1818003, 0, 0, 0, 0, 0, 0, 0, 0, 0, 0, 0, 0, 0, 0, 0, 0, 0, 0, 0, 0, 2019),
('IF2109', 1818004, 0, 65, 73, 0, 0, 70, 0, 0, 0, 0, 60, 75, 65, 75, 70, 0, 0, 60, 80, 0, 2019),
('IF2109', 1818005, 0, 80, 73, 0, 0, 75, 0, 0, 0, 0, 75, 70, 65, 80, 75, 0, 0, 65, 0, 0, 2019),
('IF2109', 1818006, 0, 0, 0, 0, 0, 0, 0, 0, 0, 0, 0, 0, 0, 0, 0, 0, 0, 0, 0, 0, 2019),
('IF2109', 1818007, 0, 80, 76, 0, 0, 80, 0, 0, 0, 0, 78, 75, 78, 80, 70, 0, 0, 75, 0, 0, 2019),
('IF2109', 1818008, 0, 0, 73, 0, 0, 75, 0, 0, 0, 80, 0, 70, 75, 0, 60, 0, 0, 65, 75, 80, 2019),
('IF2109', 1818009, 0, 0, 0, 0, 0, 0, 0, 0, 0, 0, 0, 0, 0, 0, 0, 0, 0, 0, 0, 0, 2019),
('IF2109', 1818010, 0, 0, 73, 0, 0, 0, 0, 0, 0, 0, 0, 0, 60, 0, 80, 80, 0, 0, 0, 0, 2019),
('IF2109', 1818011, 0, 78, 73, 0, 0, 70, 0, 0, 0, 0, 65, 70, 75, 0, 70, 0, 0, 0, 0, 0, 2019),
('IF2109', 1818012, 0, 78, 0, 0, 0, 0, 0, 0, 0, 0, 50, 0, 60, 0, 0, 0, 0, 0, 0, 0, 2019),
('IF2109', 1818013, 0, 75, 73, 0, 0, 80, 0, 0, 0, 0, 55, 70, 65, 80, 60, 0, 0, 60, 70, 0, 2019),
('IF2109', 1818014, 0, 65, 73, 0, 0, 75, 0, 0, 0, 0, 70, 70, 70, 40, 60, 0, 0, 70, 78, 0, 2019),
('IF2109', 1818015, 0, 75, 73, 0, 0, 80, 0, 0, 0, 0, 78, 75, 75, 80, 70, 0, 0, 60, 80, 0, 2019),
('IF2109', 1818016, 0, 0, 70, 0, 0, 0, 0, 0, 0, 0, 70, 0, 0, 0, 0, 0, 0, 0, 0, 0, 2019),
('IF2109', 1818017, 0, 80, 73, 0, 0, 85, 80, 0, 0, 0, 75, 75, 75, 40, 75, 80, 0, 80, 80, 0, 2019),
('IF2109', 1818018, 0, 60, 0, 0, 70, 0, 0, 0, 0, 0, 80, 45, 0, 60, 0, 0, 0, 0, 0, 0, 2019),
('IF2109', 1818020, 0, 0, 0, 0, 0, 0, 0, 0, 0, 0, 0, 0, 0, 0, 0, 0, 0, 0, 0, 0, 2019),
('IF2109', 1818021, 0, 80, 82, 0, 0, 75, 0, 0, 0, 0, 50, 75, 0, 0, 60, 0, 0, 0, 0, 0, 2019),
('IF2109', 1818023, 0, 75, 73, 0, 0, 75, 0, 0, 0, 0, 60, 75, 70, 80, 70, 0, 0, 60, 70, 0, 2019),
('IF2109', 1818025, 0, 70, 73, 0, 0, 75, 0, 0, 0, 0, 78, 75, 70, 40, 60, 0, 0, 60, 70, 0, 2019),
('IF2109', 1818027, 0, 80, 0, 0, 0, 75, 0, 0, 0, 0, 55, 75, 80, 75, 75, 0, 0, 60, 85, 0, 2019),
('IF2109', 1818028, 0, 80, 73, 0, 0, 75, 0, 0, 0, 0, 68, 80, 0, 80, 70, 0, 0, 65, 78, 0, 2019),
('IF2109', 1818030, 0, 0, 0, 0, 0, 0, 0, 0, 0, 0, 0, 0, 0, 0, 0, 0, 0, 0, 0, 0, 2019),
('IF2109', 1818031, 0, 0, 0, 0, 0, 0, 0, 0, 0, 0, 0, 0, 0, 0, 0, 0, 0, 0, 0, 0, 2019),
('IF2109', 1818032, 0, 80, 73, 0, 0, 75, 0, 0, 0, 0, 80, 75, 80, 40, 60, 0, 0, 60, 80, 0, 2019),
('IF2109', 1818033, 0, 80, 82, 0, 0, 85, 0, 0, 0, 0, 78, 78, 78, 80, 75, 0, 0, 70, 85, 0, 2019),
('IF2109', 1818034, 0, 0, 73, 0, 0, 0, 0, 0, 0, 0, 70, 60, 0, 0, 0, 0, 0, 0, 0, 0, 2019),
('IF2109', 1818035, 0, 0, 0, 75, 0, 80, 73, 0, 0, 0, 80, 75, 75, 0, 70, 83, 0, 65, 0, 0, 2019),
('IF2109', 1818036, 0, 0, 73, 40, 0, 0, 0, 76, 0, 0, 80, 70, 50, 0, 0, 0, 0, 0, 0, 0, 2019),
('IF2109', 1818038, 0, 0, 73, 70, 0, 80, 73, 0, 0, 80, 80, 75, 60, 0, 80, 83, 0, 65, 75, 80, 2019),
('IF2109', 1818039, 0, 0, 73, 82, 0, 80, 73, 73, 0, 0, 80, 75, 50, 0, 75, 80, 0, 65, 85, 0, 2019),
('IF2109', 1818040, 0, 0, 73, 70, 0, 75, 73, 0, 0, 80, 80, 78, 75, 0, 75, 83, 0, 65, 80, 80, 2019),
('IF2109', 1818041, 0, 0, 73, 0, 0, 80, 78, 73, 0, 80, 80, 60, 0, 0, 70, 75, 65, 0, 80, 80, 2019),
('IF2109', 1818043, 0, 0, 82, 85, 0, 90, 0, 0, 0, 80, 80, 80, 78, 0, 80, 83, 0, 70, 90, 80, 2019),
('IF2109', 1818044, 0, 0, 73, 0, 0, 80, 73, 73, 0, 0, 0, 70, 60, 0, 70, 78, 0, 0, 0, 0, 2019),
('IF2109', 1818045, 0, 0, 73, 0, 0, 80, 75, 0, 0, 80, 75, 75, 75, 0, 75, 80, 0, 65, 90, 80, 2019),
('IF2109', 1818046, 0, 0, 82, 78, 0, 75, 73, 0, 0, 80, 80, 80, 50, 0, 75, 70, 0, 65, 86, 80, 2019),
('IF2109', 1818048, 0, 0, 73, 0, 0, 80, 73, 0, 0, 0, 80, 70, 78, 0, 80, 85, 0, 65, 78, 0, 2019),
('IF2109', 1818049, 0, 0, 73, 78, 0, 80, 85, 0, 0, 80, 70, 74, 70, 0, 75, 70, 0, 75, 75, 80, 2019),
('IF2109', 1818050, 0, 0, 0, 0, 0, 0, 0, 70, 0, 0, 0, 0, 0, 0, 0, 0, 0, 0, 0, 0, 2019),
('IF2109', 1818052, 0, 0, 73, 70, 0, 75, 73, 0, 0, 80, 70, 75, 68, 0, 60, 83, 0, 65, 75, 80, 2019),
('IF2109', 1818053, 0, 0, 79, 85, 0, 0, 80, 0, 0, 80, 80, 72, 75, 0, 0, 80, 0, 65, 80, 80, 2019),
('IF2109', 1818054, 0, 0, 0, 0, 0, 0, 0, 0, 0, 0, 0, 0, 0, 0, 0, 0, 0, 0, 0, 0, 2019),
('IF2109', 1818056, 0, 85, 76, 85, 0, 85, 73, 0, 0, 80, 80, 75, 78, 0, 80, 80, 0, 70, 85, 80, 2019),
('IF2109', 1818057, 0, 90, 75, 78, 85, 80, 90, 70, 0, 80, 70, 75, 75, 75, 75, 85, 0, 0, 80, 0, 2019),
('IF2109', 1818059, 0, 0, 73, 78, 0, 85, 73, 0, 0, 80, 80, 75, 78, 0, 75, 70, 0, 70, 80, 80, 2019),
('IF2109', 1818060, 0, 0, 73, 75, 0, 80, 73, 73, 0, 80, 80, 80, 50, 0, 75, 80, 0, 65, 75, 80, 2019),
('IF2109', 1818061, 0, 0, 0, 0, 0, 0, 0, 76, 0, 0, 0, 0, 0, 0, 0, 0, 0, 0, 0, 0, 2019),
('IF2109', 1818062, 0, 0, 0, 0, 0, 0, 0, 0, 0, 0, 0, 0, 0, 0, 0, 0, 0, 0, 0, 0, 2019),
('IF2109', 1818063, 0, 0, 73, 70, 0, 80, 0, 70, 0, 80, 75, 70, 70, 0, 75, 0, 0, 75, 75, 80, 2019),
('IF2109', 1818064, 0, 0, 0, 0, 0, 0, 0, 0, 0, 0, 0, 0, 0, 0, 0, 0, 0, 0, 0, 0, 2019),
('IF2109', 1818065, 0, 75, 0, 0, 70, 0, 70, 0, 0, 78, 80, 0, 0, 70, 0, 0, 0, 0, 0, 0, 2019),
('IF2109', 1818066, 0, 0, 73, 80, 0, 0, 78, 70, 0, 80, 80, 75, 50, 0, 70, 80, 70, 65, 80, 70, 2019),
('IF2109', 1818067, 0, 0, 73, 75, 0, 80, 73, 70, 0, 80, 75, 70, 50, 0, 75, 78, 70, 0, 75, 80, 2019),
('IF2109', 1818068, 0, 0, 73, 75, 0, 80, 73, 0, 0, 80, 75, 60, 56, 0, 75, 78, 0, 65, 80, 80, 2019),
('IF2109', 1818069, 0, 75, 0, 0, 70, 60, 60, 0, 0, 75, 60, 45, 0, 60, 60, 0, 0, 0, 78, 0, 2019),
('IF2109', 1818070, 0, 82, 0, 60, 80, 0, 78, 70, 0, 76, 80, 80, 87, 75, 65, 80, 0, 65, 75, 0, 2019),
('IF2109', 1818071, 0, 0, 80, 0, 70, 60, 65, 0, 0, 75, 0, 45, 0, 60, 60, 0, 0, 0, 75, 0, 2019),
('IF2109', 1818073, 0, 76, 65, 0, 70, 0, 70, 0, 0, 0, 0, 0, 0, 70, 0, 0, 0, 0, 0, 0, 2019),
('IF2109', 1818074, 0, 85, 65, 65, 80, 0, 78, 0, 0, 73, 80, 75, 70, 70, 65, 80, 0, 80, 60, 0, 2019),
('IF2109', 1818075, 0, 70, 0, 60, 70, 0, 78, 70, 0, 70, 78, 80, 85, 70, 60, 80, 0, 85, 80, 0, 2019),
('IF2109', 1818076, 0, 76, 70, 90, 76, 65, 70, 70, 73, 73, 78, 80, 80, 72, 78, 80, 0, 0, 70, 0, 2019),
('IF2109', 1818077, 0, 70, 0, 80, 86, 0, 0, 70, 0, 0, 0, 0, 75, 0, 0, 0, 0, 0, 0, 0, 2019),
('IF2109', 1818079, 0, 65, 0, 60, 70, 0, 78, 70, 0, 70, 70, 75, 75, 70, 70, 78, 0, 65, 0, 0, 2019),
('IF2109', 1818080, 75, 60, 0, 70, 80, 70, 85, 0, 0, 75, 85, 75, 75, 0, 75, 70, 0, 0, 78, 0, 2019),
('IF2109', 1818081, 0, 0, 0, 0, 0, 0, 0, 0, 0, 0, 0, 0, 0, 0, 0, 0, 0, 0, 0, 0, 2019),
('IF2109', 1818082, 0, 82, 65, 90, 70, 0, 78, 0, 0, 80, 78, 80, 70, 82, 70, 80, 0, 75, 78, 0, 2019),
('IF2109', 1818083, 0, 70, 70, 60, 70, 0, 78, 0, 0, 70, 78, 80, 85, 70, 60, 80, 0, 80, 80, 0, 2019),
('IF2109', 1818084, 0, 0, 85, 65, 76, 0, 0, 0, 0, 73, 70, 80, 85, 75, 65, 70, 0, 75, 80, 0, 2019),
('IF2109', 1818085, 0, 76, 70, 70, 60, 0, 78, 0, 0, 73, 78, 80, 75, 70, 70, 80, 0, 80, 80, 0, 2019),
('IF2109', 1818086, 0, 65, 0, 65, 80, 0, 85, 0, 0, 73, 70, 80, 87, 0, 70, 85, 0, 65, 80, 0, 2019),
('IF2109', 1818087, 0, 73, 65, 70, 70, 0, 78, 0, 0, 0, 78, 80, 85, 70, 70, 80, 0, 80, 80, 0, 2019),
('IF2109', 1818088, 0, 71, 65, 60, 70, 0, 0, 0, 0, 70, 80, 80, 85, 80, 70, 0, 0, 0, 75, 0, 2019),
('IF2109', 1818089, 0, 0, 0, 0, 0, 60, 30, 0, 0, 78, 0, 0, 0, 0, 75, 60, 0, 0, 0, 0, 2019),
('IF2109', 1818090, 0, 0, 65, 60, 70, 0, 78, 0, 0, 76, 70, 80, 70, 70, 80, 78, 0, 75, 75, 0, 2019),
('IF2109', 1818091, 0, 70, 0, 0, 0, 0, 0, 0, 0, 0, 78, 0, 0, 0, 0, 0, 0, 0, 0, 0, 2019),
('IF2109', 1818092, 0, 0, 0, 95, 70, 0, 80, 0, 0, 76, 0, 80, 80, 80, 80, 80, 0, 85, 75, 0, 2019),
('IF2109', 1818093, 0, 0, 0, 0, 0, 0, 0, 0, 0, 0, 80, 0, 0, 0, 0, 0, 0, 0, 0, 0, 2019),
('IF2109', 1818094, 0, 0, 0, 80, 70, 0, 78, 0, 0, 75, 0, 45, 0, 60, 0, 0, 0, 0, 78, 0, 2019),
('IF2109', 1818095, 0, 0, 70, 70, 80, 0, 78, 0, 76, 76, 70, 75, 70, 80, 75, 80, 0, 75, 75, 0, 2019),
('IF2109', 1818096, 0, 70, 0, 60, 70, 0, 78, 0, 0, 70, 75, 80, 75, 70, 80, 75, 0, 0, 0, 0, 2019),
('IF2109', 1818097, 0, 0, 0, 0, 0, 0, 0, 0, 0, 0, 0, 0, 0, 0, 0, 0, 0, 0, 0, 0, 2019),
('IF2109', 1818098, 0, 73, 0, 70, 70, 0, 78, 0, 0, 70, 75, 80, 85, 80, 80, 80, 0, 80, 75, 0, 2019),
('IF2109', 1818099, 0, 0, 0, 0, 0, 0, 0, 0, 0, 0, 70, 40, 0, 70, 0, 0, 0, 0, 0, 0, 2019),
('IF2109', 1818101, 85, 0, 70, 75, 85, 80, 90, 0, 0, 85, 80, 75, 78, 80, 70, 80, 0, 0, 85, 0, 2019),
('IF2109', 1818102, 75, 0, 70, 0, 80, 0, 75, 0, 0, 85, 65, 70, 70, 70, 70, 75, 0, 0, 85, 0, 2019),
('IF2109', 1818103, 0, 0, 0, 70, 70, 60, 78, 0, 0, 80, 0, 0, 70, 0, 65, 78, 0, 0, 80, 0, 2019),
('IF2109', 1818104, 75, 0, 70, 70, 75, 0, 75, 0, 0, 85, 80, 75, 75, 70, 70, 78, 0, 0, 86, 0, 2019),
('IF2109', 1818106, 0, 0, 0, 0, 0, 0, 0, 0, 0, 0, 0, 0, 0, 0, 0, 0, 0, 0, 0, 0, 2019),
('IF2109', 1818107, 75, 0, 70, 75, 80, 0, 75, 0, 0, 85, 60, 75, 75, 70, 78, 80, 0, 0, 85, 0, 2019),
('IF2109', 1818108, 75, 0, 70, 75, 75, 0, 75, 0, 0, 0, 65, 70, 60, 75, 70, 78, 0, 0, 75, 0, 2019),
('IF2109', 1818109, 75, 0, 70, 80, 80, 0, 70, 0, 0, 0, 70, 70, 65, 70, 0, 75, 0, 80, 0, 0, 2019),
('IF2109', 1818110, 0, 85, 0, 75, 0, 0, 70, 0, 0, 0, 80, 75, 78, 0, 0, 75, 0, 0, 0, 0, 2019),
('IF2109', 1818111, 0, 65, 0, 70, 70, 60, 75, 0, 0, 75, 70, 70, 75, 60, 65, 78, 0, 0, 0, 0, 2019),
('IF2109', 1818112, 85, 0, 70, 85, 75, 70, 70, 0, 0, 0, 80, 69, 75, 70, 70, 75, 0, 75, 0, 0, 2019),
('IF2109', 1818113, 75, 0, 0, 0, 0, 0, 0, 0, 0, 0, 0, 0, 0, 0, 0, 0, 0, 0, 0, 0, 2019),
('IF2109', 1818115, 0, 0, 0, 0, 0, 0, 0, 0, 0, 0, 0, 0, 0, 0, 0, 0, 0, 0, 0, 0, 2019),
('IF2109', 1818116, 0, 60, 0, 0, 70, 60, 68, 0, 0, 75, 60, 0, 0, 60, 60, 65, 0, 0, 70, 0, 2019),
('IF2109', 1818121, 0, 60, 0, 0, 70, 60, 0, 0, 0, 75, 60, 45, 0, 70, 60, 70, 0, 0, 70, 0, 2019),
('IF2109', 1818122, 0, 60, 0, 70, 70, 60, 0, 0, 0, 75, 60, 40, 75, 70, 60, 0, 0, 0, 70, 0, 2019),
('IF2109', 1818123, 0, 85, 0, 70, 80, 60, 0, 0, 0, 82, 60, 40, 70, 70, 60, 0, 0, 0, 75, 0, 2019),
('IF2109', 1818124, 75, 0, 70, 75, 80, 75, 70, 0, 0, 85, 70, 70, 65, 75, 70, 80, 0, 0, 85, 0, 2019),
('IF2109', 1818125, 0, 0, 0, 0, 0, 0, 0, 0, 0, 0, 0, 0, 0, 0, 0, 0, 0, 0, 0, 0, 2019),
('IF2109', 1818126, 0, 0, 70, 70, 75, 75, 70, 0, 0, 0, 65, 70, 75, 70, 70, 78, 0, 0, 0, 0, 2019),
('IF2109', 1818127, 0, 0, 73, 80, 78, 0, 0, 0, 0, 0, 0, 0, 0, 0, 0, 0, 0, 0, 0, 0, 2019),
('IF2109', 1818128, 0, 0, 70, 90, 78, 0, 70, 0, 0, 85, 70, 0, 60, 70, 0, 80, 0, 0, 85, 0, 2019),
('IF2109', 1818129, 0, 75, 0, 0, 70, 0, 0, 0, 0, 0, 85, 75, 0, 75, 0, 0, 0, 0, 0, 0, 2019),
('IF2109', 1818130, 75, 0, 70, 0, 80, 70, 70, 0, 0, 85, 60, 70, 0, 70, 70, 80, 0, 0, 85, 0, 2019),
('IF4124', 1318046, 82, 0, 0, 0, 0, 0, 0, 0, 0, 100, 75, 11, 0, 0, 0, 0, 0, 0, 0, 0, 2019),
('IF4124', 1318073, 0, 0, 0, 0, 0, 0, 0, 0, 0, 0, 0, 0, 0, 0, 0, 0, 0, 0, 0, 0, 2019),
('IF4124', 1318078, 78, 0, 0, 0, 65, 0, 0, 0, 0, 0, 75, 0, 0, 0, 0, 0, 0, 0, 0, 0, 2019),
('IF4124', 1318189, 75, 0, 80, 70, 0, 78, 0, 0, 0, 70, 75, 0, 75, 0, 0, 0, 0, 0, 0, 60, 2019),
('IF4124', 1418062, 78, 0, 65, 0, 0, 80, 0, 70, 0, 70, 75, 65, 75, 0, 75, 70, 75, 80, 70, 75, 2019),
('IF4124', 1518039, 0, 0, 0, 0, 0, 0, 0, 0, 0, 0, 60, 0, 0, 0, 0, 0, 0, 0, 0, 0, 2019),
('IF4124', 1518063, 0, 0, 0, 0, 0, 0, 0, 0, 0, 0, 0, 0, 0, 0, 0, 0, 0, 0, 0, 0, 2019),
('IF4124', 1518082, 78, 0, 0, 70, 0, 0, 70, 0, 0, 0, 75, 0, 0, 0, 0, 0, 0, 0, 0, 0, 2019),
('IF4124', 1518095, 78, 0, 65, 0, 70, 0, 0, 0, 0, 0, 60, 60, 0, 0, 0, 0, 0, 0, 0, 0, 2019),
('IF4124', 1618023, 75, 0, 0, 0, 70, 0, 0, 0, 0, 0, 0, 0, 0, 0, 0, 0, 0, 0, 0, 0, 2019),
('IF4124', 1618049, 80, 0, 75, 80, 85, 70, 75, 80, 90, 80, 0, 0, 0, 90, 75, 80, 85, 80, 90, 10, 2019),
('IF4124', 1618061, 0, 0, 0, 0, 0, 0, 0, 0, 0, 0, 90, 0, 0, 0, 0, 0, 0, 0, 0, 0, 2019),
('IF4124', 1618085, 78, 0, 70, 65, 0, 0, 0, 70, 0, 70, 75, 0, 85, 0, 0, 0, 0, 0, 0, 85, 2019),
('IF4124', 1718002, 60, 75, 0, 80, 0, 70, 0, 70, 75, 0, 80, 75, 78, 75, 75, 85, 75, 78, 80, 0, 2019),
('IF4124', 1718003, 76, 80, 0, 85, 0, 80, 0, 70, 75, 0, 82, 78, 78, 80, 75, 0, 75, 0, 0, 0, 2019),
('IF4124', 1718005, 60, 75, 0, 75, 0, 7, 70, 0, 75, 0, 85, 76, 78, 80, 73, 65, 75, 70, 80, 0, 2019),
('IF4124', 1718006, 88, 0, 65, 86, 76, 0, 0, 85, 0, 70, 75, 75, 85, 80, 60, 75, 75, 0, 80, 90, 2019),
('IF4124', 1718009, 60, 76, 0, 70, 0, 70, 0, 0, 75, 0, 82, 78, 75, 70, 70, 70, 0, 0, 0, 0, 2019),
('IF4124', 1718010, 60, 75, 0, 75, 0, 70, 0, 80, 0, 0, 85, 75, 75, 75, 70, 70, 75, 0, 80, 0, 2019),
('IF4124', 1718012, 60, 76, 0, 75, 0, 70, 0, 70, 0, 0, 82, 78, 60, 70, 70, 70, 75, 70, 80, 0, 2019),
('IF4124', 1718014, 60, 75, 0, 70, 0, 73, 0, 73, 75, 0, 80, 80, 78, 75, 75, 75, 75, 70, 80, 0, 2019),
('IF4124', 1718016, 60, 80, 0, 80, 0, 70, 0, 70, 75, 0, 81, 75, 60, 75, 70, 0, 70, 75, 0, 0, 2019),
('IF4124', 1718017, 60, 75, 0, 75, 0, 70, 0, 70, 75, 0, 82, 75, 75, 75, 70, 70, 75, 0, 0, 0, 2019),
('IF4124', 1718018, 75, 75, 0, 70, 0, 70, 0, 70, 75, 0, 80, 75, 75, 70, 70, 70, 0, 0, 0, 0, 2019),
('IF4124', 1718019, 60, 75, 0, 70, 0, 0, 0, 70, 75, 0, 80, 75, 75, 70, 60, 65, 70, 70, 80, 0, 2019),
('IF4124', 1718020, 78, 76, 0, 75, 0, 70, 0, 70, 75, 0, 80, 78, 78, 90, 73, 80, 75, 75, 0, 0, 2019),
('IF4124', 1718021, 60, 75, 0, 75, 0, 70, 0, 70, 0, 0, 85, 80, 75, 75, 75, 75, 75, 75, 75, 0, 2019),
('IF4124', 1718022, 60, 85, 0, 75, 0, 70, 0, 80, 78, 0, 80, 78, 78, 80, 73, 80, 75, 0, 75, 0, 2019),
('IF4124', 1718023, 75, 76, 0, 70, 0, 70, 0, 70, 75, 0, 85, 78, 75, 75, 70, 70, 75, 75, 0, 0, 2019),
('IF4124', 1718024, 60, 75, 0, 70, 0, 70, 0, 70, 75, 0, 85, 75, 75, 75, 70, 0, 75, 75, 0, 0, 2019),
('IF4124', 1718025, 78, 75, 0, 0, 0, 0, 0, 0, 0, 0, 0, 75, 0, 70, 0, 0, 0, 0, 0, 0, 2019),
('IF4124', 1718026, 60, 75, 0, 75, 0, 70, 0, 70, 75, 0, 80, 75, 75, 70, 70, 0, 65, 70, 80, 0, 2019),
('IF4124', 1718027, 0, 0, 0, 0, 0, 0, 0, 0, 0, 0, 0, 0, 0, 0, 0, 0, 0, 0, 0, 0, 2019),
('IF4124', 1718028, 66, 78, 0, 75, 0, 70, 0, 0, 0, 0, 78, 75, 60, 75, 70, 70, 0, 0, 0, 0, 2019),
('IF4124', 1718029, 78, 75, 0, 70, 0, 70, 0, 0, 0, 0, 85, 75, 80, 80, 70, 0, 0, 0, 0, 0, 2019),
('IF4124', 1718030, 0, 0, 0, 0, 0, 0, 0, 0, 0, 0, 0, 0, 0, 0, 0, 0, 0, 0, 0, 0, 2019),
('IF4124', 1718032, 80, 75, 0, 0, 0, 70, 0, 70, 0, 0, 80, 75, 0, 77, 70, 75, 75, 0, 0, 0, 2019),
('IF4124', 1718033, 78, 76, 0, 75, 0, 70, 70, 70, 82, 0, 85, 69, 80, 70, 73, 80, 75, 78, 80, 0, 2019),
('IF4124', 1718034, 60, 75, 0, 80, 0, 70, 0, 70, 78, 0, 85, 78, 65, 70, 60, 80, 75, 70, 80, 0, 2019),
('IF4124', 1718035, 78, 80, 75, 78, 75, 75, 65, 70, 0, 0, 85, 78, 60, 80, 78, 50, 75, 0, 0, 0, 2019),
('IF4124', 1718036, 75, 78, 75, 75, 80, 78, 85, 68, 0, 0, 65, 75, 60, 75, 78, 70, 70, 73, 0, 0, 2019),
('IF4124', 1718037, 75, 73, 75, 78, 70, 75, 70, 68, 0, 0, 75, 70, 78, 75, 0, 70, 70, 0, 0, 0, 2019),
('IF4124', 1718038, 0, 0, 0, 0, 0, 0, 0, 0, 0, 0, 0, 0, 0, 0, 0, 0, 0, 0, 0, 0, 2019),
('IF4124', 1718039, 76, 80, 75, 79, 70, 75, 75, 68, 0, 70, 65, 75, 60, 75, 70, 50, 70, 75, 0, 85, 2019),
('IF4124', 1718040, 76, 78, 78, 78, 70, 70, 85, 70, 78, 0, 75, 80, 75, 85, 78, 70, 75, 80, 80, 0, 2019),
('IF4124', 1718041, 75, 75, 75, 78, 70, 75, 70, 68, 0, 0, 70, 78, 60, 75, 70, 70, 70, 0, 0, 0, 2019),
('IF4124', 1718042, 82, 75, 78, 78, 75, 78, 65, 0, 0, 0, 85, 78, 78, 80, 80, 70, 75, 0, 0, 0, 2019),
('IF4124', 1718043, 75, 75, 75, 78, 70, 78, 70, 68, 0, 0, 70, 80, 78, 75, 70, 70, 75, 0, 0, 0, 2019),
('IF4124', 1718044, 74, 80, 85, 79, 75, 75, 85, 70, 0, 0, 65, 75, 60, 85, 78, 70, 75, 80, 0, 0, 2019),
('IF4124', 1718049, 75, 77, 75, 78, 75, 75, 0, 68, 0, 0, 75, 78, 60, 75, 80, 0, 75, 75, 0, 0, 2019),
('IF4124', 1718050, 75, 75, 75, 78, 70, 70, 85, 0, 0, 0, 0, 80, 60, 75, 70, 70, 0, 0, 0, 0, 2019),
('IF4124', 1718051, 75, 75, 78, 78, 75, 75, 85, 70, 75, 0, 75, 75, 75, 85, 78, 70, 75, 85, 0, 0, 2019),
('IF4124', 1718053, 0, 0, 0, 0, 0, 0, 0, 0, 0, 0, 0, 0, 0, 0, 0, 0, 0, 0, 0, 0, 2019),
('IF4124', 1718054, 78, 77, 0, 75, 0, 70, 0, 73, 75, 0, 80, 78, 80, 80, 70, 0, 70, 75, 0, 0, 2019),
('IF4124', 1718055, 75, 75, 75, 78, 70, 75, 0, 68, 75, 0, 75, 85, 75, 90, 70, 70, 75, 78, 80, 0, 2019),
('IF4124', 1718056, 75, 75, 75, 78, 70, 75, 0, 0, 78, 0, 70, 90, 75, 85, 70, 70, 75, 78, 75, 0, 2019),
('IF4124', 1718057, 75, 75, 75, 78, 70, 75, 68, 0, 0, 0, 75, 80, 75, 75, 70, 0, 75, 72, 0, 0, 2019),
('IF4124', 1718059, 75, 75, 0, 75, 0, 0, 70, 70, 0, 0, 85, 78, 60, 70, 80, 0, 70, 70, 0, 0, 2019),
('IF4124', 1718060, 75, 78, 78, 70, 75, 80, 65, 75, 0, 0, 75, 80, 75, 90, 80, 70, 70, 80, 0, 0, 2019),
('IF4124', 1718061, 75, 75, 75, 0, 75, 0, 85, 68, 0, 0, 70, 75, 0, 75, 0, 70, 70, 0, 0, 0, 2019),
('IF4124', 1718062, 75, 80, 80, 75, 85, 80, 80, 80, 0, 0, 80, 80, 85, 85, 90, 80, 80, 75, 0, 0, 2019),
('IF4124', 1718063, 75, 75, 75, 78, 70, 75, 60, 70, 0, 0, 70, 80, 78, 80, 70, 70, 70, 73, 0, 0, 2019),
('IF4124', 1718064, 75, 0, 65, 86, 75, 0, 0, 0, 0, 70, 75, 75, 60, 70, 0, 0, 0, 0, 0, 75, 2019),
('IF4124', 1718066, 75, 0, 65, 0, 0, 0, 0, 0, 0, 0, 75, 0, 0, 0, 0, 0, 0, 0, 0, 0, 2019),
('IF4124', 1718067, 74, 73, 75, 78, 70, 0, 70, 68, 0, 0, 70, 78, 75, 70, 70, 70, 75, 70, 75, 0, 2019),
('IF4124', 1718069, 75, 0, 75, 78, 70, 0, 65, 0, 0, 0, 70, 80, 60, 70, 70, 70, 0, 75, 75, 0, 2019),
('IF4124', 1718070, 70, 70, 0, 0, 0, 75, 0, 75, 0, 0, 78, 75, 0, 0, 90, 80, 80, 0, 0, 0, 2019),
('IF4124', 1718071, 75, 80, 0, 0, 75, 75, 0, 75, 0, 0, 80, 75, 0, 75, 80, 50, 75, 0, 0, 0, 2019),
('IF4124', 1718072, 75, 0, 0, 0, 70, 0, 0, 70, 0, 70, 75, 75, 65, 0, 0, 0, 0, 72, 0, 70, 2019),
('IF4124', 1718073, 70, 78, 0, 0, 0, 70, 0, 0, 0, 0, 80, 65, 0, 65, 85, 0, 0, 0, 0, 0, 2019),
('IF4124', 1718074, 70, 0, 0, 0, 0, 0, 0, 0, 0, 0, 80, 0, 0, 0, 0, 0, 0, 0, 0, 0, 2019),
('IF4124', 1718075, 70, 0, 0, 0, 0, 0, 0, 0, 0, 0, 0, 0, 0, 0, 0, 0, 0, 0, 0, 0, 2019),
('IF4124', 1718076, 80, 80, 0, 0, 0, 90, 0, 78, 0, 90, 78, 80, 0, 0, 85, 0, 80, 75, 80, 90, 2019),
('IF4124', 1718077, 70, 80, 0, 0, 0, 70, 0, 75, 0, 0, 80, 80, 0, 0, 75, 0, 80, 0, 75, 0, 2019),
('IF4124', 1718078, 70, 80, 0, 0, 0, 75, 0, 0, 0, 0, 80, 75, 0, 0, 80, 0, 75, 0, 0, 0, 2019),
('IF4124', 1718079, 75, 85, 0, 0, 0, 0, 0, 0, 0, 0, 80, 80, 0, 0, 60, 0, 75, 0, 0, 0, 2019),
('IF4124', 1718080, 70, 80, 0, 0, 0, 75, 0, 0, 0, 0, 80, 80, 0, 0, 80, 0, 80, 75, 0, 0, 2019),
('IF4124', 1718081, 70, 80, 0, 0, 0, 75, 0, 0, 0, 0, 70, 80, 0, 0, 75, 0, 0, 0, 0, 0, 2019),
('IF4124', 1718082, 80, 75, 78, 82, 84, 73, 70, 75, 85, 80, 80, 77, 75, 80, 85, 90, 70, 75, 80, 77, 2019),
('IF4124', 1718083, 70, 75, 0, 0, 0, 75, 0, 75, 0, 0, 80, 78, 0, 0, 80, 0, 75, 0, 0, 0, 2019),
('IF4124', 1718084, 70, 75, 0, 0, 0, 75, 75, 0, 0, 0, 75, 70, 0, 0, 75, 73, 70, 0, 0, 0, 2019),
('IF4124', 1718087, 70, 75, 0, 0, 0, 75, 78, 75, 0, 0, 75, 70, 0, 0, 75, 70, 80, 0, 0, 0, 2019),
('IF4124', 1718088, 70, 75, 0, 0, 0, 70, 0, 0, 0, 0, 75, 70, 0, 0, 65, 0, 75, 0, 0, 0, 2019),
('IF4124', 1718089, 70, 70, 0, 0, 0, 75, 0, 0, 0, 0, 0, 70, 0, 65, 85, 0, 0, 0, 0, 0, 2019),
('IF4124', 1718091, 0, 0, 65, 70, 0, 0, 0, 0, 0, 70, 75, 0, 0, 0, 0, 0, 0, 0, 0, 70, 2019),
('IF4124', 1718092, 70, 75, 0, 79, 0, 80, 0, 0, 70, 70, 75, 70, 0, 0, 75, 0, 0, 0, 0, 70, 2019),
('IF4124', 1718093, 0, 75, 0, 0, 70, 0, 0, 0, 0, 0, 0, 0, 0, 0, 0, 0, 0, 0, 0, 0, 2019),
('IF4124', 1718094, 70, 70, 0, 0, 0, 75, 0, 75, 0, 0, 80, 70, 0, 0, 75, 0, 75, 0, 0, 0, 2019),
('IF4124', 1718096, 70, 75, 0, 0, 0, 70, 0, 0, 0, 0, 75, 75, 0, 0, 75, 0, 70, 0, 0, 0, 2019),
('IF4124', 1718097, 70, 75, 0, 0, 0, 0, 0, 0, 0, 0, 80, 70, 0, 0, 0, 70, 70, 0, 0, 0, 2019),
('IF4124', 1718098, 70, 0, 0, 0, 0, 0, 75, 0, 0, 70, 75, 0, 0, 0, 0, 0, 70, 0, 0, 70, 2019),
('IF4124', 1718099, 70, 72, 0, 0, 0, 75, 0, 75, 0, 0, 80, 65, 0, 0, 75, 0, 80, 0, 0, 0, 2019),
('IF4124', 1718100, 0, 70, 65, 60, 0, 70, 0, 75, 0, 70, 80, 70, 60, 75, 0, 75, 0, 0, 0, 70, 2019),
('IF4124', 1718101, 70, 60, 0, 0, 0, 75, 0, 70, 0, 0, 80, 65, 0, 0, 90, 0, 75, 0, 0, 0, 2019),
('IF4124', 1718103, 75, 0, 65, 70, 0, 0, 0, 0, 0, 0, 75, 75, 60, 0, 70, 70, 0, 0, 0, 0, 2019),
('IF4124', 1718106, 70, 73, 65, 60, 0, 75, 0, 75, 70, 70, 80, 75, 78, 0, 90, 70, 75, 70, 0, 70, 2019),
('IF4124', 1718107, 80, 70, 70, 79, 0, 70, 78, 75, 75, 90, 80, 70, 70, 75, 78, 0, 0, 70, 80, 90, 2019),
('IF4124', 1718108, 70, 70, 65, 65, 0, 70, 80, 75, 70, 70, 80, 70, 78, 70, 70, 70, 75, 60, 80, 70, 2019),
('IF4124', 1718110, 0, 70, 70, 65, 0, 70, 85, 75, 70, 90, 83, 75, 60, 50, 70, 80, 70, 60, 80, 90, 2019),
('IF4124', 1718111, 75, 79, 70, 60, 0, 75, 78, 75, 0, 70, 83, 75, 60, 75, 80, 70, 0, 0, 0, 70, 2019),
('IF4124', 1718112, 70, 73, 65, 65, 0, 0, 75, 75, 70, 70, 80, 65, 60, 50, 0, 0, 0, 60, 0, 70, 2019),
('IF4124', 1718113, 75, 73, 85, 79, 0, 75, 0, 83, 85, 90, 77, 70, 75, 70, 78, 70, 68, 0, 0, 90, 2019),
('IF4124', 1718114, 0, 0, 0, 0, 0, 0, 0, 0, 0, 0, 0, 0, 0, 0, 0, 0, 0, 0, 0, 0, 2019),
('IF4124', 1718116, 75, 0, 65, 70, 75, 0, 0, 70, 0, 70, 75, 70, 85, 80, 0, 0, 75, 0, 0, 70, 2019),
('IF4124', 1718118, 75, 0, 70, 70, 0, 0, 0, 70, 70, 70, 75, 75, 0, 0, 0, 0, 75, 0, 0, 80, 2019),
('IF4124', 1718119, 0, 70, 65, 80, 0, 70, 75, 75, 70, 70, 80, 70, 60, 50, 0, 0, 0, 0, 0, 70, 2019),
('IF4124', 1718120, 70, 70, 65, 0, 0, 70, 80, 75, 70, 70, 77, 70, 0, 70, 70, 70, 70, 60, 0, 70, 2019),
('IF4124', 1718121, 0, 0, 65, 60, 0, 70, 75, 75, 70, 70, 0, 70, 70, 0, 0, 0, 0, 0, 0, 70, 2019),
('IF4124', 1718122, 75, 70, 65, 70, 0, 70, 0, 75, 73, 70, 80, 70, 70, 70, 80, 70, 70, 0, 0, 70, 2019),
('IF4124', 1718124, 70, 75, 0, 0, 70, 75, 0, 78, 0, 0, 65, 75, 0, 75, 75, 80, 75, 0, 0, 0, 2019),
('IF4124', 1718125, 80, 85, 75, 70, 75, 80, 0, 83, 70, 90, 85, 70, 70, 70, 80, 75, 70, 70, 80, 90, 2019),
('IF4124', 1718127, 70, 70, 65, 65, 0, 70, 78, 78, 70, 90, 125, 75, 60, 75, 80, 80, 75, 70, 80, 90, 2019),
('IF4124', 1718128, 0, 0, 0, 0, 0, 0, 0, 0, 0, 0, 0, 0, 0, 0, 0, 0, 0, 0, 0, 0, 2019),
('IF4124', 1718129, 75, 79, 65, 79, 0, 70, 85, 78, 70, 70, 85, 75, 75, 80, 80, 70, 75, 0, 0, 70, 2019),
('IF4124', 1718131, 75, 73, 65, 79, 0, 0, 0, 0, 80, 0, 77, 75, 70, 70, 70, 60, 75, 73, 80, 0, 2019),
('IF4124', 1718132, 0, 70, 65, 60, 0, 0, 75, 75, 70, 70, 80, 0, 70, 50, 0, 0, 0, 0, 0, 70, 2019),
('IF4124', 1718133, 75, 70, 75, 0, 0, 70, 75, 78, 0, 70, 80, 70, 0, 50, 0, 0, 0, 0, 0, 70, 2019),
('IF4124', 1718134, 0, 70, 65, 70, 0, 0, 75, 75, 70, 0, 80, 0, 70, 50, 0, 0, 0, 0, 0, 0, 2019),
('IF4124', 1718135, 75, 0, 65, 70, 70, 0, 0, 0, 0, 70, 75, 70, 60, 0, 0, 0, 0, 0, 0, 70, 2019),
('IF4124', 1718136, 0, 70, 65, 0, 0, 0, 75, 75, 0, 0, 0, 0, 0, 50, 0, 0, 0, 0, 0, 0, 2019),
('IF4124', 1718137, 75, 0, 0, 0, 70, 70, 0, 75, 0, 70, 0, 0, 0, 0, 80, 75, 0, 0, 0, 60, 2019),
('IF4124', 1718138, 78, 0, 70, 73, 70, 0, 0, 70, 0, 70, 75, 65, 60, 70, 0, 0, 0, 0, 0, 70, 2019),
('IF4124', 1718139, 85, 0, 65, 70, 70, 0, 0, 73, 0, 70, 75, 70, 60, 75, 0, 75, 70, 75, 0, 70, 2019),
('IF4124', 1718140, 75, 75, 0, 0, 0, 0, 0, 75, 0, 70, 85, 65, 0, 0, 0, 50, 75, 0, 75, 75, 2019),
('IF4124', 1718141, 0, 0, 0, 0, 0, 0, 0, 0, 0, 0, 0, 0, 0, 0, 0, 0, 0, 0, 0, 0, 2019),
('IF4124', 1718142, 0, 0, 65, 70, 0, 70, 75, 75, 70, 0, 0, 65, 0, 50, 0, 0, 0, 0, 0, 0, 2019),
('IF4124', 1718145, 78, 0, 70, 0, 80, 0, 0, 78, 0, 80, 75, 75, 82, 80, 75, 75, 75, 80, 0, 90, 2019),
('IF4124', 1718147, 78, 0, 80, 85, 75, 0, 0, 85, 0, 73, 0, 0, 80, 70, 0, 75, 75, 0, 0, 75, 2019);

-- --------------------------------------------------------

--
-- Table structure for table `data_praktikum`
--

CREATE TABLE `data_praktikum` (
  `nim_mahasiswa` int(7) NOT NULL,
  `kelompok` int(2) NOT NULL,
  `kode_praktikum` varchar(6) NOT NULL,
  `tahun` int(4) NOT NULL
) ENGINE=InnoDB DEFAULT CHARSET=latin1;

--
-- Dumping data for table `data_praktikum`
--

INSERT INTO `data_praktikum` (`nim_mahasiswa`, `kelompok`, `kode_praktikum`, `tahun`) VALUES
(1318046, 31, 'IF4124', 2019),
(1318073, 31, 'IF4124', 2019),
(1318078, 32, 'IF4124', 2019),
(1318107, 24, 'IF2109', 2019),
(1318189, 32, 'IF4124', 2019),
(1318234, 29, 'IF2109', 2019),
(1418010, 24, 'IF2109', 2019),
(1418036, 24, 'IF2109', 2019),
(1418041, 24, 'IF2109', 2019),
(1418062, 31, 'IF4124', 2019),
(1518039, 30, 'IF4124', 2019),
(1518063, 30, 'IF4124', 2019),
(1518071, 29, 'IF2109', 2019),
(1518082, 30, 'IF4124', 2019),
(1518095, 31, 'IF4124', 2019),
(1618005, 23, 'IF2109', 2019),
(1618023, 29, 'IF4124', 2019),
(1618049, 1, 'IF4124', 2019),
(1618061, 29, 'IF4124', 2019),
(1618085, 30, 'IF4124', 2019),
(1618119, 23, 'IF2109', 2019),
(1718002, 1, 'IF4124', 2019),
(1718003, 1, 'IF4124', 2019),
(1718005, 1, 'IF4124', 2019),
(1718006, 25, 'IF4124', 2019),
(1718009, 1, 'IF4124', 2019),
(1718010, 2, 'IF4124', 2019),
(1718012, 2, 'IF4124', 2019),
(1718014, 2, 'IF4124', 2019),
(1718016, 2, 'IF4124', 2019),
(1718017, 3, 'IF4124', 2019),
(1718018, 3, 'IF4124', 2019),
(1718019, 3, 'IF4124', 2019),
(1718020, 3, 'IF4124', 2019),
(1718021, 4, 'IF4124', 2019),
(1718022, 4, 'IF4124', 2019),
(1718023, 4, 'IF4124', 2019),
(1718024, 4, 'IF4124', 2019),
(1718025, 5, 'IF4124', 2019),
(1718026, 5, 'IF4124', 2019),
(1718027, 25, 'IF4124', 2019),
(1718028, 5, 'IF4124', 2019),
(1718029, 5, 'IF4124', 2019),
(1718030, 6, 'IF4124', 2019),
(1718032, 6, 'IF4124', 2019),
(1718033, 6, 'IF4124', 2019),
(1718034, 6, 'IF4124', 2019),
(1718035, 7, 'IF4124', 2019),
(1718036, 7, 'IF4124', 2019),
(1718037, 7, 'IF4124', 2019),
(1718038, 25, 'IF4124', 2019),
(1718039, 7, 'IF4124', 2019),
(1718040, 8, 'IF4124', 2019),
(1718041, 8, 'IF4124', 2019),
(1718042, 8, 'IF4124', 2019),
(1718043, 8, 'IF4124', 2019),
(1718044, 9, 'IF4124', 2019),
(1718049, 9, 'IF4124', 2019),
(1718050, 9, 'IF4124', 2019),
(1718051, 9, 'IF4124', 2019),
(1718053, 10, 'IF4124', 2019),
(1718054, 10, 'IF4124', 2019),
(1718055, 10, 'IF4124', 2019),
(1718056, 10, 'IF4124', 2019),
(1718057, 11, 'IF4124', 2019),
(1718059, 11, 'IF4124', 2019),
(1718060, 11, 'IF4124', 2019),
(1718061, 11, 'IF4124', 2019),
(1718062, 12, 'IF4124', 2019),
(1718063, 12, 'IF4124', 2019),
(1718064, 25, 'IF4124', 2019),
(1718066, 26, 'IF4124', 2019),
(1718067, 12, 'IF4124', 2019),
(1718069, 12, 'IF4124', 2019),
(1718070, 13, 'IF4124', 2019),
(1718071, 13, 'IF4124', 2019),
(1718072, 26, 'IF4124', 2019),
(1718073, 13, 'IF4124', 2019),
(1718074, 13, 'IF4124', 2019),
(1718075, 14, 'IF4124', 2019),
(1718076, 14, 'IF4124', 2019),
(1718077, 14, 'IF4124', 2019),
(1718078, 14, 'IF4124', 2019),
(1718079, 15, 'IF4124', 2019),
(1718080, 15, 'IF4124', 2019),
(1718081, 15, 'IF4124', 2019),
(1718082, 15, 'IF4124', 2019),
(1718083, 16, 'IF4124', 2019),
(1718084, 16, 'IF4124', 2019),
(1718087, 16, 'IF4124', 2019),
(1718088, 16, 'IF4124', 2019),
(1718089, 17, 'IF4124', 2019),
(1718091, 26, 'IF4124', 2019),
(1718092, 17, 'IF4124', 2019),
(1718093, 32, 'IF4124', 2019),
(1718094, 17, 'IF4124', 2019),
(1718096, 17, 'IF4124', 2019),
(1718097, 18, 'IF4124', 2019),
(1718098, 18, 'IF4124', 2019),
(1718099, 18, 'IF4124', 2019),
(1718100, 26, 'IF4124', 2019),
(1718101, 18, 'IF4124', 2019),
(1718103, 27, 'IF4124', 2019),
(1718106, 19, 'IF4124', 2019),
(1718107, 19, 'IF4124', 2019),
(1718108, 19, 'IF4124', 2019),
(1718110, 19, 'IF4124', 2019),
(1718111, 20, 'IF4124', 2019),
(1718112, 20, 'IF4124', 2019),
(1718113, 20, 'IF4124', 2019),
(1718114, 20, 'IF4124', 2019),
(1718116, 27, 'IF4124', 2019),
(1718118, 27, 'IF4124', 2019),
(1718119, 21, 'IF4124', 2019),
(1718120, 21, 'IF4124', 2019),
(1718121, 21, 'IF4124', 2019),
(1718122, 21, 'IF4124', 2019),
(1718124, 22, 'IF4124', 2019),
(1718125, 22, 'IF4124', 2019),
(1718127, 22, 'IF4124', 2019),
(1718128, 27, 'IF4124', 2019),
(1718129, 22, 'IF4124', 2019),
(1718130, 23, 'IF2109', 2019),
(1718131, 23, 'IF4124', 2019),
(1718132, 23, 'IF4124', 2019),
(1718133, 23, 'IF4124', 2019),
(1718134, 23, 'IF4124', 2019),
(1718135, 28, 'IF4124', 2019),
(1718136, 24, 'IF4124', 2019),
(1718137, 28, 'IF4124', 2019),
(1718138, 28, 'IF4124', 2019),
(1718139, 28, 'IF4124', 2019),
(1718140, 24, 'IF4124', 2019),
(1718141, 24, 'IF4124', 2019),
(1718142, 24, 'IF4124', 2019),
(1718145, 29, 'IF4124', 2019),
(1718147, 29, 'IF4124', 2019),
(1818002, 1, 'IF2109', 2019),
(1818003, 1, 'IF2109', 2019),
(1818004, 1, 'IF2109', 2019),
(1818005, 1, 'IF2109', 2019),
(1818006, 2, 'IF2109', 2019),
(1818007, 2, 'IF2109', 2019),
(1818008, 2, 'IF2109', 2019),
(1818009, 2, 'IF2109', 2019),
(1818010, 3, 'IF2109', 2019),
(1818011, 3, 'IF2109', 2019),
(1818012, 3, 'IF2109', 2019),
(1818013, 3, 'IF2109', 2019),
(1818014, 4, 'IF2109', 2019),
(1818015, 4, 'IF2109', 2019),
(1818016, 13, 'IF2109', 2019),
(1818017, 4, 'IF2109', 2019),
(1818018, 25, 'IF2109', 2019),
(1818020, 4, 'IF2109', 2019),
(1818021, 5, 'IF2109', 2019),
(1818023, 5, 'IF2109', 2019),
(1818025, 5, 'IF2109', 2019),
(1818027, 5, 'IF2109', 2019),
(1818028, 6, 'IF2109', 2019),
(1818030, 25, 'IF2109', 2019),
(1818031, 6, 'IF2109', 2019),
(1818032, 6, 'IF2109', 2019),
(1818033, 6, 'IF2109', 2019),
(1818034, 7, 'IF2109', 2019),
(1818035, 7, 'IF2109', 2019),
(1818036, 7, 'IF2109', 2019),
(1818038, 7, 'IF2109', 2019),
(1818039, 8, 'IF2109', 2019),
(1818040, 8, 'IF2109', 2019),
(1818041, 8, 'IF2109', 2019),
(1818043, 8, 'IF2109', 2019),
(1818044, 9, 'IF2109', 2019),
(1818045, 9, 'IF2109', 2019),
(1818046, 9, 'IF2109', 2019),
(1818048, 9, 'IF2109', 2019),
(1818049, 10, 'IF2109', 2019),
(1818050, 25, 'IF2109', 2019),
(1818052, 10, 'IF2109', 2019),
(1818053, 10, 'IF2109', 2019),
(1818054, 10, 'IF2109', 2019),
(1818056, 11, 'IF2109', 2019),
(1818057, 25, 'IF2109', 2019),
(1818059, 11, 'IF2109', 2019),
(1818060, 11, 'IF2109', 2019),
(1818061, 26, 'IF2109', 2019),
(1818062, 26, 'IF2109', 2019),
(1818063, 11, 'IF2109', 2019),
(1818064, 12, 'IF2109', 2019),
(1818065, 26, 'IF2109', 2019),
(1818066, 12, 'IF2109', 2019),
(1818067, 12, 'IF2109', 2019),
(1818068, 12, 'IF2109', 2019),
(1818069, 26, 'IF2109', 2019),
(1818070, 13, 'IF2109', 2019),
(1818071, 27, 'IF2109', 2019),
(1818073, 13, 'IF2109', 2019),
(1818074, 13, 'IF2109', 2019),
(1818075, 14, 'IF2109', 2019),
(1818076, 14, 'IF2109', 2019),
(1818077, 14, 'IF2109', 2019),
(1818079, 14, 'IF2109', 2019),
(1818080, 27, 'IF2109', 2019),
(1818081, 15, 'IF2109', 2019),
(1818082, 15, 'IF2109', 2019),
(1818083, 15, 'IF2109', 2019),
(1818084, 15, 'IF2109', 2019),
(1818085, 16, 'IF2109', 2019),
(1818086, 16, 'IF2109', 2019),
(1818087, 16, 'IF2109', 2019),
(1818088, 16, 'IF2109', 2019),
(1818089, 27, 'IF2109', 2019),
(1818090, 17, 'IF2109', 2019),
(1818091, 17, 'IF2109', 2019),
(1818092, 17, 'IF2109', 2019),
(1818093, 17, 'IF2109', 2019),
(1818094, 27, 'IF2109', 2019),
(1818095, 18, 'IF2109', 2019),
(1818096, 18, 'IF2109', 2019),
(1818097, 18, 'IF2109', 2019),
(1818098, 18, 'IF2109', 2019),
(1818099, 19, 'IF2109', 2019),
(1818101, 19, 'IF2109', 2019),
(1818102, 19, 'IF2109', 2019),
(1818103, 28, 'IF2109', 2019),
(1818104, 19, 'IF2109', 2019),
(1818106, 20, 'IF2109', 2019),
(1818107, 20, 'IF2109', 2019),
(1818108, 20, 'IF2109', 2019),
(1818109, 20, 'IF2109', 2019),
(1818110, 30, 'IF2109', 2019),
(1818111, 28, 'IF2109', 2019),
(1818112, 21, 'IF2109', 2019),
(1818113, 21, 'IF2109', 2019),
(1818115, 21, 'IF2109', 2019),
(1818116, 28, 'IF2109', 2019),
(1818121, 28, 'IF2109', 2019),
(1818122, 29, 'IF2109', 2019),
(1818123, 29, 'IF2109', 2019),
(1818124, 21, 'IF2109', 2019),
(1818125, 22, 'IF2109', 2019),
(1818126, 22, 'IF2109', 2019),
(1818127, 22, 'IF2109', 2019),
(1818128, 22, 'IF2109', 2019),
(1818129, 30, 'IF2109', 2019),
(1818130, 23, 'IF2109', 2019);

-- --------------------------------------------------------

--
-- Table structure for table `informasi_kelompok`
--

CREATE TABLE `informasi_kelompok` (
  `kode_praktikum` varchar(6) NOT NULL,
  `tahun` int(4) NOT NULL,
  `kel1` varchar(2) DEFAULT NULL,
  `kel2` varchar(2) DEFAULT NULL,
  `kel3` varchar(2) DEFAULT NULL,
  `kel4` varchar(2) DEFAULT NULL,
  `kel5` varchar(2) DEFAULT NULL,
  `kel6` varchar(2) DEFAULT NULL,
  `nim_aslab` int(7) NOT NULL
) ENGINE=InnoDB DEFAULT CHARSET=latin1;

--
-- Dumping data for table `informasi_kelompok`
--

INSERT INTO `informasi_kelompok` (`kode_praktikum`, `tahun`, `kel1`, `kel2`, `kel3`, `kel4`, `kel5`, `kel6`, `nim_aslab`) VALUES
('IF2109', 2019, '4', '11', '16', '22', '-', '-', 1718027),
('IF2109', 2019, '3', '19', '17', '24', '-', '-', 1718030),
('IF2109', 2019, '1', '8', '14', '25', '29', '30', 1718053),
('IF2109', 2019, '6', '13', '20', '27', '-', '-', 1718082),
('IF2109', 2019, '7', '15', '21', '28', '-', '-', 1718114),
('IF2109', 2019, '5', '12', '19', '26', '-', '-', 1718128),
('IF2109', 2019, '2', '9', '18', '23', '-', '-', 1718141),
('IF3117', 2019, '1', '-', '-', '-', '-', '-', 1618049),
('IF4124', 2019, '4', '11', '18', '25', '32', '-', 1618002),
('IF4124', 2019, '2', '9', '16', '23', '30', '-', 1618030),
('IF4124', 2019, '1', '8', '15', '22', '29', '-', 1618049),
('IF4124', 2019, '6', '13', '20', '27', '-', '-', 1618061),
('IF4124', 2019, '7', '14', '21', '28', '-', '-', 1618088),
('IF4124', 2019, '3', '10', '17', '24', '31', '-', 1618095),
('IF4124', 2019, '5', '12', '19', '26', '-', '-', 1618102);

-- --------------------------------------------------------

--
-- Table structure for table `praktikum`
--

CREATE TABLE `praktikum` (
  `kode_praktikum` varchar(6) NOT NULL,
  `praktikum` text NOT NULL,
  `keyword1` varchar(50) NOT NULL,
  `keyword2` varchar(50) NOT NULL,
  `keyword3` varchar(50) NOT NULL,
  `laboratorium` varchar(50) NOT NULL
) ENGINE=InnoDB DEFAULT CHARSET=latin1;

--
-- Dumping data for table `praktikum`
--

INSERT INTO `praktikum` (`kode_praktikum`, `praktikum`, `keyword1`, `keyword2`, `keyword3`, `laboratorium`) VALUES
('IF1101', 'Algoritma dan Pemrograman', 'algo', 'algoritma', '', 'RPL'),
('IF2109', 'Struktur Data', 'sd', '', '', 'JARKOM'),
('IF3117', 'Object Oriented Programming', 'oop', 'pbo', '', 'RPL'),
('IF4124', 'Pemrograman Web', 'pemweb', 'web', '', 'RPL');

-- --------------------------------------------------------

--
-- Table structure for table `sistem`
--

CREATE TABLE `sistem` (
  `nama_sistem` varchar(50) NOT NULL,
  `kondisi_sistem` varchar(10) NOT NULL
) ENGINE=InnoDB DEFAULT CHARSET=latin1;

--
-- Dumping data for table `sistem`
--

INSERT INTO `sistem` (`nama_sistem`, `kondisi_sistem`) VALUES
('Registration', 'On');

--
-- Indexes for dumped tables
--

--
-- Indexes for table `admin`
--
ALTER TABLE `admin`
  ADD PRIMARY KEY (`username`);

--
-- Indexes for table `data_aslab`
--
ALTER TABLE `data_aslab`
  ADD PRIMARY KEY (`nim_aslab`);

--
-- Indexes for table `data_dosen`
--
ALTER TABLE `data_dosen`
  ADD PRIMARY KEY (`id`);

--
-- Indexes for table `data_mahasiswa`
--
ALTER TABLE `data_mahasiswa`
  ADD PRIMARY KEY (`nim_mahasiswa`);

--
-- Indexes for table `data_nilai`
--
ALTER TABLE `data_nilai`
  ADD PRIMARY KEY (`kode_praktikum`,`nim_mahasiswa`,`tahun`);

--
-- Indexes for table `data_praktikum`
--
ALTER TABLE `data_praktikum`
  ADD PRIMARY KEY (`nim_mahasiswa`,`kode_praktikum`,`tahun`);

--
-- Indexes for table `informasi_kelompok`
--
ALTER TABLE `informasi_kelompok`
  ADD PRIMARY KEY (`kode_praktikum`,`tahun`,`nim_aslab`);

--
-- Indexes for table `praktikum`
--
ALTER TABLE `praktikum`
  ADD PRIMARY KEY (`kode_praktikum`);

--
-- Indexes for table `sistem`
--
ALTER TABLE `sistem`
  ADD PRIMARY KEY (`nama_sistem`);
COMMIT;

/*!40101 SET CHARACTER_SET_CLIENT=@OLD_CHARACTER_SET_CLIENT */;
/*!40101 SET CHARACTER_SET_RESULTS=@OLD_CHARACTER_SET_RESULTS */;
/*!40101 SET COLLATION_CONNECTION=@OLD_COLLATION_CONNECTION */;
